<?xml version="1.0" ?>
<routes xmlns:xsi="http://www.w3.org/2001/XMLSchema-instance" xsi:noNamespaceSchemaLocation="urn:magento:module:Magento_Webapi:etc/webapi.xsd">
	<route method="POST" url="/V1/wallet-payment/cashback">
		<service class="Wallet\Payment\Api\CashbackManagementInterface" method="postCashback"/>
		<resources>
			<resource ref="anonymous"/>
		</resources>
	</route>
	<route method="POST" url="/V1/wallet-payment/payment">
		<service class="Wallet\Payment\Api\PaymentRepositoryInterface" method="save"/>
		<resources>
			<resource ref="Wallet_Payment::Payment_save"/>
		</resources>
	</route>
	<route method="GET" url="/V1/wallet-payment/search">
		<service class="Wallet\Payment\Api\PaymentRepositoryInterface" method="getList"/>
		<resources>
			<resource ref="Wallet_Payment::Payment_view"/>
		</resources>
	</route>
	<route method="GET" url="/V1/wallet-payment/:paymentId">
		<service class="Wallet\Payment\Api\PaymentRepositoryInterface" method="getById"/>
		<resources>
			<resource ref="Wallet_Payment::Payment_view"/>
		</resources>
	</route>
	<route method="PUT" url="/V1/wallet-payment/:paymentId">
		<service class="Wallet\Payment\Api\PaymentRepositoryInterface" method="save"/>
		<resources>
			<resource ref="Wallet_Payment::Payment_update"/>
		</resources>
	</route>
	<route method="DELETE" url="/V1/wallet-payment/:paymentId">
		<service class="Wallet\Payment\Api\PaymentRepositoryInterface" method="deleteById"/>
		<resources>
			<resource ref="Wallet_Payment::Payment_delete"/>
		</resources>
	</route>
</routes>
