<?xml version="1.0"?>
<config xmlns:xsi="http://www.w3.org/2001/XMLSchema-instance" xsi:noNamespaceSchemaLocation="urn:magento:framework:Acl/etc/acl.xsd">
    <acl>
        <resources>
            <resource id="Magento_Backend::admin">
                <resource id="MyCompany_ExampleAdminNewPage::menu" title="Custom Menu" sortOrder="10" >
                    <resource id="MyCompany_ExampleAdminNewPage::create" title="Manage Items" sortOrder="0" />
                    <resource id="MyCompany_ExampleAdminNewPage::menu_configuration" title="Settings" sortOrder="100" />
                </resource>
            </resource>
        </resources>
    </acl>
</config>