<?xml version="1.0"?>
<config xmlns:xsi="http://www.w3.org/2001/XMLSchema-instance" xsi:noNamespaceSchemaLocation="urn:magento:framework:Acl/etc/acl.xsd">
    <acl>
        <resources>
            <resource id="Magento_Backend::admin">
                <resource id="PHPCuong_Faq::faqs" title="schemes">
                    <resource id="PHPCuong_Faq::faq" title="schemes product">
                        <resource id="PHPCuong_Faq::faq_create" title="Create"/>
                        <resource id="PHPCuong_Faq::faq_edit" title="Edit" />
                        <resource id="PHPCuong_Faq::faq_delete" title="Delete"/>
                    </resource>
                    <resource id="PHPCuong_Faq::category" title="Categories Manager">
                        <resource id="PHPCuong_Faq::category_create" title="Create"/>
                        <resource id="PHPCuong_Faq::category_edit" title="Edit" />
                        <resource id="PHPCuong_Faq::category_delete" title="Delete"/>
                    </resource>
                </resource>
            </resource>
        </resources>
    </acl>
</config>
